,Alice_Springs_2008,Alice_Springs_2009,Alice_Springs_2010,Alice_Springs_2011,Alice_Springs_2012,Alice_Springs_2013,Alice_Springs_2014,Alice_Springs_2015,Alice_Springs_2016,Alice_Springs_2017,Alice_Springs_2018,Alice_Springs_2019,Alice_Springs_2020,Alice_Springs_2021,Alice_Springs_2022,Alice_Springs_2023,Alice_Springs_2024,Alice_Springs_2025,Alice_Springs_2026
timestamp,True,True,True,True,True,True,True,True,True,True,True,True,True,True,True,True,True,True,True
205_Archived_DKA_M15_BPhase_UMG_QCells_Active_Energy_Delivered_Received,True,True,True,True,True,True,True,True,True,True,True,True,True,True,True,True,True,True,True
205_Archived_DKA_M15_BPhase_UMG_QCells_Current_Phase_Average,True,True,True,True,True,True,True,True,True,True,True,True,True,True,True,True,True,True,True
205_Archived_DKA_M15_BPhase_UMG_QCells_Active_Power,True,True,True,True,True,True,True,True,True,True,True,True,True,True,True,True,True,True,True
100_DKA_M1_A_Phase_Active_Energy_Delivered_Received,True,True,True,True,True,True,True,True,True,True,True,True,True,True,True,True,True,True,True
100_DKA_M1_A_Phase_Current_Phase_Average,True,True,True,True,True,True,True,True,True,True,True,True,True,True,True,True,True,True,True
100_DKA_M1_A_Phase_Active_Power,True,True,True,True,True,True,True,True,True,True,True,True,True,True,True,True,True,True,True
100_DKA_M1_A_Phase_Performance_Ratio,True,True,True,True,True,True,True,True,True,True,True,True,True,True,True,True,True,True,True
103_DKA_M1_B_Phase_Active_Energy_Delivered_Received,True,True,True,True,True,True,True,True,True,True,True,True,True,True,True,True,True,True,True
103_DKA_M1_B_Phase_Current_Phase_Average,True,True,True,True,True,True,True,True,True,True,True,True,True,True,True,True,True,True,True
103_DKA_M1_B_Phase_Active_Power,True,True,True,True,True,True,True,True,True,True,True,True,True,True,True,True,True,True,True
105_DKA_M1_C_Phase_Active_Energy_Delivered_Received,True,True,True,True,True,True,True,True,True,True,True,True,True,True,True,True,True,True,True
105_DKA_M1_C_Phase_Current_Phase_Average,True,True,True,True,True,True,True,True,True,True,True,True,True,True,True,True,True,True,True
105_DKA_M1_C_Phase_Active_Power,True,True,True,True,True,True,True,True,True,True,True,True,True,True,True,True,True,True,True
97_DKA_M10_B_C_Phases_Active_Energy_Delivered_Received,True,True,True,True,True,True,True,True,True,True,True,True,True,True,True,True,True,True,False
97_DKA_M10_B_C_Phases_Current_Phase_Average,True,True,True,True,True,True,True,True,True,True,True,True,True,True,True,True,True,True,False
97_DKA_M10_B_C_Phases_Active_Power,True,True,True,True,True,True,True,True,True,True,True,True,True,True,True,True,True,True,False
78_DKA_M11_3_Phase_Active_Energy_Delivered_Received,True,True,True,True,True,True,True,True,True,True,True,True,True,True,True,True,True,True,False
78_DKA_M11_3_Phase_Current_Phase_Average,True,True,True,True,True,True,True,True,True,True,True,True,True,True,True,True,True,True,False
78_DKA_M11_3_Phase_Active_Power,True,True,True,True,True,True,True,True,True,True,True,True,True,True,True,True,True,True,False
61_DKA_M15_A_Phase_Active_Energy_Delivered_Received,True,True,True,True,True,True,True,True,True,True,True,True,True,True,True,True,True,True,False
61_DKA_M15_A_Phase_Current_Phase_Average,True,True,True,True,True,True,True,True,True,True,True,True,True,True,True,True,True,True,False
61_DKA_M15_A_Phase_Active_Power,True,True,True,True,True,True,True,True,True,True,True,True,True,True,True,True,True,True,False
61_DKA_M15_A_Phase_Performance_Ratio,True,True,True,True,True,True,True,True,True,True,True,True,True,True,True,True,True,True,False
72_DKA_M15_B_Phase_Active_Energy_Delivered_Received,True,True,True,True,True,True,True,True,True,True,True,True,True,True,True,True,True,True,False
72_DKA_M15_B_Phase_Current_Phase_Average,True,True,True,True,True,True,True,True,True,True,True,True,True,True,True,True,True,True,False
72_DKA_M15_B_Phase_Active_Power,True,True,True,True,True,True,True,True,True,True,True,True,True,True,True,True,True,True,False
72_DKA_M15_B_Phase_Performance_Ratio,True,True,True,True,True,True,True,True,True,True,True,True,True,True,True,True,True,True,False
54_DKA_M15_C_Phase_Active_Energy_Delivered_Received,True,True,True,True,True,True,True,True,True,True,True,True,True,True,True,True,True,True,False
54_DKA_M15_C_Phase_Current_Phase_Average,True,True,True,True,True,True,True,True,True,True,True,True,True,True,True,True,True,True,False
54_DKA_M15_C_Phase_Active_Power,True,True,True,True,True,True,True,True,True,True,True,True,True,True,True,True,True,True,False
54_DKA_M15_C_Phase_Performance_Ratio,True,True,True,True,True,True,True,True,True,True,True,True,True,True,True,True,True,True,False
212_DKA_M15_C_Phase_II_Active_Energy_Delivered_Received,True,True,True,True,True,True,True,True,True,True,True,True,True,True,True,True,True,True,False
212_DKA_M15_C_Phase_II_Current_Phase_Average,True,True,True,True,True,True,True,True,True,True,True,True,True,True,True,True,True,True,False
212_DKA_M15_C_Phase_II_Active_Power,True,True,True,True,True,True,True,True,True,True,True,True,True,True,True,True,True,True,False
212_DKA_M15_C_Phase_II_Performance_Ratio,True,True,True,True,True,True,True,True,True,True,True,True,True,True,True,True,True,True,False
57_DKA_M16_A_Phase_Active_Energy_Delivered_Received,True,True,True,True,True,True,True,True,True,True,True,True,True,True,True,True,True,True,False
57_DKA_M16_A_Phase_Current_Phase_Average,True,True,True,True,True,True,True,True,True,True,True,True,True,True,True,True,True,True,False
57_DKA_M16_A_Phase_Active_Power,True,True,True,True,True,True,True,True,True,True,True,True,True,True,True,True,True,True,False
57_DKA_M16_A_Phase_Performance_Ratio,True,True,True,True,True,True,True,True,True,True,True,True,True,True,True,True,True,True,False
213_DKA_M16_A_Phase_II_Active_Energy_Delivered_Received,True,True,True,True,True,True,True,True,True,True,True,True,True,True,True,True,True,True,False
213_DKA_M16_A_Phase_II_Current_Phase_Average,True,True,True,True,True,True,True,True,True,True,True,True,True,True,True,True,True,True,False
213_DKA_M16_A_Phase_II_Active_Power,True,True,True,True,True,True,True,True,True,True,True,True,True,True,True,True,True,True,False
213_DKA_M16_A_Phase_II_Performance_Ratio,True,True,True,True,True,True,True,True,True,True,True,True,True,True,True,True,True,True,False
66_DKA_M16_B_Phase_Active_Energy_Delivered_Received,True,True,True,True,True,True,True,True,True,True,True,True,True,True,True,True,True,True,False
66_DKA_M16_B_Phase_Current_Phase_Average,True,True,True,True,True,True,True,True,True,True,True,True,True,True,True,True,True,True,False
66_DKA_M16_B_Phase_Active_Power,True,True,True,True,True,True,True,True,True,True,True,True,True,True,True,True,True,True,False
66_DKA_M16_B_Phase_Performance_Ratio,True,True,True,True,True,True,True,True,True,True,True,True,True,True,True,True,True,True,False
52_DKA_M16_C_Phase_Active_Energy_Delivered_Received,True,True,True,True,True,True,True,True,True,True,True,True,True,True,True,True,True,True,False
52_DKA_M16_C_Phase_Current_Phase_Average,True,True,True,True,True,True,True,True,True,True,True,True,True,True,True,True,True,True,False
52_DKA_M16_C_Phase_Active_Power,True,True,True,True,True,True,True,True,True,True,True,True,True,True,True,True,True,True,False
52_DKA_M16_C_Phase_Performance_Ratio,True,True,True,True,True,True,True,True,True,True,True,True,True,True,True,True,True,True,False
63_DKA_M17_A_Phase_Active_Energy_Delivered_Received,True,True,True,True,True,True,True,True,True,True,True,True,True,True,True,True,True,True,False
63_DKA_M17_A_Phase_Current_Phase_Average,True,True,True,True,True,True,True,True,True,True,True,True,True,True,True,True,True,True,False
63_DKA_M17_A_Phase_Active_Power,True,True,True,True,True,True,True,True,True,True,True,True,True,True,True,True,True,True,False
63_DKA_M17_A_Phase_Performance_Ratio,True,True,True,True,True,True,True,True,True,True,True,True,True,True,True,True,True,True,False
64_DKA_M17_B_Phase_Active_Energy_Delivered_Received,True,True,True,True,True,True,True,True,True,True,True,True,True,True,True,True,True,True,False
64_DKA_M17_B_Phase_Current_Phase_Average,True,True,True,True,True,True,True,True,True,True,True,True,True,True,True,True,True,True,False
64_DKA_M17_B_Phase_Active_Power,True,True,True,True,True,True,True,True,True,True,True,True,True,True,True,True,True,True,False
64_DKA_M17_B_Phase_Performance_Ratio,True,True,True,True,True,True,True,True,True,True,True,True,True,True,True,True,True,True,False
58_DKA_M17_C_Phase_Active_Energy_Delivered_Received,True,True,True,True,True,True,True,True,True,True,True,True,True,True,True,True,True,True,False
58_DKA_M17_C_Phase_Current_Phase_Average,True,True,True,True,True,True,True,True,True,True,True,True,True,True,True,True,True,True,False
58_DKA_M17_C_Phase_Active_Power,True,True,True,True,True,True,True,True,True,True,True,True,True,True,True,True,True,True,False
58_DKA_M17_C_Phase_Performance_Ratio,True,True,True,True,True,True,True,True,True,True,True,True,True,True,True,True,True,True,False
60_DKA_M18_A_Phase_Active_Energy_Delivered_Received,True,True,True,True,True,True,True,True,True,True,True,True,True,True,True,True,True,True,False
60_DKA_M18_A_Phase_Current_Phase_Average,True,True,True,True,True,True,True,True,True,True,True,True,True,True,True,True,True,True,False
60_DKA_M18_A_Phase_Active_Power,True,True,True,True,True,True,True,True,True,True,True,True,True,True,True,True,True,True,False
60_DKA_M18_A_Phase_Performance_Ratio,True,True,True,True,True,True,True,True,True,True,True,True,True,True,True,True,True,True,False
77_DKA_M18_B_Phase_Active_Energy_Delivered_Received,True,True,True,True,True,True,True,True,True,True,True,True,True,True,True,True,True,True,False
77_DKA_M18_B_Phase_Current_Phase_Average,True,True,True,True,True,True,True,True,True,True,True,True,True,True,True,True,True,True,False
77_DKA_M18_B_Phase_Active_Power,True,True,True,True,True,True,True,True,True,True,True,True,True,True,True,True,True,True,False
77_DKA_M18_B_Phase_Performance_Ratio,True,True,True,True,True,True,True,True,True,True,True,True,True,True,True,True,True,True,False
214_DKA_M18_B_Phase_II_Active_Energy_Delivered_Received,True,True,True,True,True,True,True,True,True,True,True,True,True,True,True,True,True,True,False
214_DKA_M18_B_Phase_II_Current_Phase_Average,True,True,True,True,True,True,True,True,True,True,True,True,True,True,True,True,True,True,False
214_DKA_M18_B_Phase_II_Active_Power,True,True,True,True,True,True,True,True,True,True,True,True,True,True,True,True,True,True,False
214_DKA_M18_B_Phase_II_Performance_Ratio,True,True,True,True,True,True,True,True,True,True,True,True,True,True,True,True,True,True,False
74_DKA_M18_C_Phase_Active_Energy_Delivered_Received,True,True,True,True,True,True,True,True,True,True,True,True,True,True,True,True,True,True,False
74_DKA_M18_C_Phase_Current_Phase_Average,True,True,True,True,True,True,True,True,True,True,True,True,True,True,True,True,True,True,False
74_DKA_M18_C_Phase_Active_Power,True,True,True,True,True,True,True,True,True,True,True,True,True,True,True,True,True,True,False
74_DKA_M18_C_Phase_Performance_Ratio,True,True,True,True,True,True,True,True,True,True,True,True,True,True,True,True,True,True,False
73_DKA_M19_A_Phase_Active_Energy_Delivered_Received,True,True,True,True,True,True,True,True,True,True,True,True,True,True,True,True,True,True,False
73_DKA_M19_A_Phase_Current_Phase_Average,True,True,True,True,True,True,True,True,True,True,True,True,True,True,True,True,True,True,False
73_DKA_M19_A_Phase_Active_Power,True,True,True,True,True,True,True,True,True,True,True,True,True,True,True,True,True,True,False
73_DKA_M19_A_Phase_Performance_Ratio,True,True,True,True,True,True,True,True,True,True,True,True,True,True,True,True,True,True,False
59_DKA_M19_C_Phase_Active_Energy_Delivered_Received,True,True,True,True,True,True,True,True,True,True,True,True,True,True,True,True,True,True,False
59_DKA_M19_C_Phase_Current_Phase_Average,True,True,True,True,True,True,True,True,True,True,True,True,True,True,True,True,True,True,False
59_DKA_M19_C_Phase_Active_Power,True,True,True,True,True,True,True,True,True,True,True,True,True,True,True,True,True,True,False
59_DKA_M19_C_Phase_Performance_Ratio,True,True,True,True,True,True,True,True,True,True,True,True,True,True,True,True,True,True,False
81_DKA_M2_A_Phase_Active_Energy_Delivered_Received,True,True,True,True,True,True,True,True,True,True,True,True,True,True,True,True,True,True,False
81_DKA_M2_A_Phase_Current_Phase_Average,True,True,True,True,True,True,True,True,True,True,True,True,True,True,True,True,True,True,False
81_DKA_M2_A_Phase_Active_Power,True,True,True,True,True,True,True,True,True,True,True,True,True,True,True,True,True,True,False
86_DKA_M2_B_Phase_Active_Energy_Delivered_Received,True,True,True,True,True,True,True,True,True,True,True,True,True,True,True,True,True,True,False
86_DKA_M2_B_Phase_Current_Phase_Average,True,True,True,True,True,True,True,True,True,True,True,True,True,True,True,True,True,True,False
86_DKA_M2_B_Phase_Active_Power,True,True,True,True,True,True,True,True,True,True,True,True,True,True,True,True,True,True,False
71_DKA_M2_C_Phase_Active_Energy_Delivered_Received,True,True,True,True,True,True,True,True,True,True,True,True,True,True,True,True,True,True,False
71_DKA_M2_C_Phase_Current_Phase_Average,True,True,True,True,True,True,True,True,True,True,True,True,True,True,True,True,True,True,False
71_DKA_M2_C_Phase_Active_Power,True,True,True,True,True,True,True,True,True,True,True,True,True,True,True,True,True,True,False
71_DKA_M2_C_Phase_Performance_Ratio,True,True,True,True,True,True,True,True,True,True,True,True,True,True,True,True,True,True,False
56_DKA_M20_A_Phase_Active_Energy_Delivered_Received,True,True,True,True,True,True,True,True,True,True,True,True,True,True,True,True,True,True,False
56_DKA_M20_A_Phase_Current_Phase_Average,True,True,True,True,True,True,True,True,True,True,True,True,True,True,True,True,True,True,False
56_DKA_M20_A_Phase_Active_Power,True,True,True,True,True,True,True,True,True,True,True,True,True,True,True,True,True,True,False
56_DKA_M20_A_Phase_Performance_Ratio,True,True,True,True,True,True,True,True,True,True,True,True,True,True,True,True,True,True,False
55_DKA_M20_B_Phase_Active_Energy_Delivered_Received,True,True,True,True,True,True,True,True,True,True,True,True,True,True,True,True,True,True,False
55_DKA_M20_B_Phase_Current_Phase_Average,True,True,True,True,True,True,True,True,True,True,True,True,True,True,True,True,True,True,False
55_DKA_M20_B_Phase_Active_Power,True,True,True,True,True,True,True,True,True,True,True,True,True,True,True,True,True,True,False
55_DKA_M20_B_Phase_Performance_Ratio,True,True,True,True,True,True,True,True,True,True,True,True,True,True,True,True,True,True,False
90_DKA_M3_A_Phase_Active_Energy_Delivered_Received,True,True,True,True,True,True,True,True,True,True,True,True,True,True,True,True,True,True,False
90_DKA_M3_A_Phase_Current_Phase_Average,True,True,True,True,True,True,True,True,True,True,True,True,True,True,True,True,True,True,False
90_DKA_M3_A_Phase_Active_Power,True,True,True,True,True,True,True,True,True,True,True,True,True,True,True,True,True,True,False
90_DKA_M3_A_Phase_Performance_Ratio,True,True,True,True,True,True,True,True,True,True,True,True,True,True,True,True,True,True,False
89_DKA_M3_B_Phase_Active_Energy_Delivered_Received,True,True,True,True,True,True,True,True,True,True,True,True,True,True,True,True,True,True,False
89_DKA_M3_B_Phase_Current_Phase_Average,True,True,True,True,True,True,True,True,True,True,True,True,True,True,True,True,True,True,False
89_DKA_M3_B_Phase_Active_Power,True,True,True,True,True,True,True,True,True,True,True,True,True,True,True,True,True,True,False
95_DKA_M3_C_Phase_Active_Energy_Delivered_Received,True,True,True,True,True,True,True,True,True,True,True,True,True,True,True,True,True,True,False
95_DKA_M3_C_Phase_Current_Phase_Average,True,True,True,True,True,True,True,True,True,True,True,True,True,True,True,True,True,True,False
95_DKA_M3_C_Phase_Active_Power,True,True,True,True,True,True,True,True,True,True,True,True,True,True,True,True,True,True,False
93_DKA_M4_A_Phase_Active_Energy_Delivered_Received,True,True,True,True,True,True,True,True,True,True,True,True,True,True,True,True,True,True,False
93_DKA_M4_A_Phase_Current_Phase_Average,True,True,True,True,True,True,True,True,True,True,True,True,True,True,True,True,True,True,False
93_DKA_M4_A_Phase_Active_Power,True,True,True,True,True,True,True,True,True,True,True,True,True,True,True,True,True,True,False
93_DKA_M4_A_Phase_Performance_Ratio,True,True,True,True,True,True,True,True,True,True,True,True,True,True,True,True,True,True,False
69_DKA_M4_B_Phase_Active_Energy_Delivered_Received,True,True,True,True,True,True,True,True,True,True,True,True,True,True,True,True,True,True,False
69_DKA_M4_B_Phase_Current_Phase_Average,True,True,True,True,True,True,True,True,True,True,True,True,True,True,True,True,True,True,False
69_DKA_M4_B_Phase_Active_Power,True,True,True,True,True,True,True,True,True,True,True,True,True,True,True,True,True,True,False
69_DKA_M4_B_Phase_Performance_Ratio,True,True,True,True,True,True,True,True,True,True,True,True,True,True,True,True,True,True,False
99_DKA_M4_C_Phase_Active_Energy_Delivered_Received,True,True,True,True,True,True,True,True,True,True,True,True,True,True,True,True,True,True,False
99_DKA_M4_C_Phase_Current_Phase_Average,True,True,True,True,True,True,True,True,True,True,True,True,True,True,True,True,True,True,False
99_DKA_M4_C_Phase_Active_Power,True,True,True,True,True,True,True,True,True,True,True,True,True,True,True,True,True,True,False
99_DKA_M4_C_Phase_Performance_Ratio,True,True,True,True,True,True,True,True,True,True,True,True,True,True,True,True,True,True,False
218_DKA_M4_C_Phase_II_Active_Energy_Delivered_Received,True,True,True,True,True,True,True,True,True,True,True,True,True,True,True,True,True,True,False
218_DKA_M4_C_Phase_II_Current_Phase_Average,True,True,True,True,True,True,True,True,True,True,True,True,True,True,True,True,True,True,False
218_DKA_M4_C_Phase_II_Active_Power,True,True,True,True,True,True,True,True,True,True,True,True,True,True,True,True,True,True,False
218_DKA_M4_C_Phase_II_Performance_Ratio,True,True,True,True,True,True,True,True,True,True,True,True,True,True,True,True,True,True,False
70_DKA_M5_A_Phase_Active_Energy_Delivered_Received,True,True,True,True,True,True,True,True,True,True,True,True,True,True,True,True,True,True,False
70_DKA_M5_A_Phase_Current_Phase_Average,True,True,True,True,True,True,True,True,True,True,True,True,True,True,True,True,True,True,False
70_DKA_M5_A_Phase_Active_Power,True,True,True,True,True,True,True,True,True,True,True,True,True,True,True,True,True,True,False
70_DKA_M5_A_Phase_Performance_Ratio,True,True,True,True,True,True,True,True,True,True,True,True,True,True,True,True,True,True,False
84_DKA_M5_B_Phase_Active_Energy_Delivered_Received,True,True,True,True,True,True,True,True,True,True,True,True,True,True,True,True,True,True,False
84_DKA_M5_B_Phase_Current_Phase_Average,True,True,True,True,True,True,True,True,True,True,True,True,True,True,True,True,True,True,False
84_DKA_M5_B_Phase_Active_Power,True,True,True,True,True,True,True,True,True,True,True,True,True,True,True,True,True,True,False
84_DKA_M5_B_Phase_Performance_Ratio,True,True,True,True,True,True,True,True,True,True,True,True,True,True,True,True,True,True,False
106_DKA_M5_C_Phase_Active_Energy_Delivered_Received,True,True,True,True,True,True,True,True,True,True,True,True,True,True,True,True,True,True,False
106_DKA_M5_C_Phase_Current_Phase_Average,True,True,True,True,True,True,True,True,True,True,True,True,True,True,True,True,True,True,False
106_DKA_M5_C_Phase_Active_Power,True,True,True,True,True,True,True,True,True,True,True,True,True,True,True,True,True,True,False
106_DKA_M5_C_Phase_Performance_Ratio,True,True,True,True,True,True,True,True,True,True,True,True,True,True,True,True,True,True,False
79_DKA_M6_A_Phase_Active_Energy_Delivered_Received,True,True,True,True,True,True,True,True,True,True,True,True,True,True,True,True,True,True,False
79_DKA_M6_A_Phase_Current_Phase_Average,True,True,True,True,True,True,True,True,True,True,True,True,True,True,True,True,True,True,False
79_DKA_M6_A_Phase_Active_Power,True,True,True,True,True,True,True,True,True,True,True,True,True,True,True,True,True,True,False
79_DKA_M6_A_Phase_Performance_Ratio,True,True,True,True,True,True,True,True,True,True,True,True,True,True,True,True,True,True,False
92_DKA_M6_B_Phase_Active_Energy_Delivered_Received,True,True,True,True,True,True,True,True,True,True,True,True,True,True,True,True,True,True,False
92_DKA_M6_B_Phase_Current_Phase_Average,True,True,True,True,True,True,True,True,True,True,True,True,True,True,True,True,True,True,False
92_DKA_M6_B_Phase_Active_Power,True,True,True,True,True,True,True,True,True,True,True,True,True,True,True,True,True,True,False
92_DKA_M6_B_Phase_Performance_Ratio,True,True,True,True,True,True,True,True,True,True,True,True,True,True,True,True,True,True,False
85_DKA_M7_A_Phase_Active_Energy_Delivered_Received,True,True,True,True,True,True,True,True,True,True,True,True,True,True,True,True,True,True,False
85_DKA_M7_A_Phase_Current_Phase_Average,True,True,True,True,True,True,True,True,True,True,True,True,True,True,True,True,True,True,False
85_DKA_M7_A_Phase_Active_Power,True,True,True,True,True,True,True,True,True,True,True,True,True,True,True,True,True,True,False
85_DKA_M7_A_Phase_Performance_Ratio,True,True,True,True,True,True,True,True,True,True,True,True,True,True,True,True,True,True,False
67_DKA_M8_A_Phase_Active_Energy_Delivered_Received,True,True,True,True,True,True,True,True,True,True,True,True,True,True,True,True,True,True,False
67_DKA_M8_A_Phase_Current_Phase_Average,True,True,True,True,True,True,True,True,True,True,True,True,True,True,True,True,True,True,False
67_DKA_M8_A_Phase_Active_Power,True,True,True,True,True,True,True,True,True,True,True,True,True,True,True,True,True,True,False
98_DKA_M8_B_Phase_Active_Energy_Delivered_Received,True,True,True,True,True,True,True,True,True,True,True,True,True,True,True,True,True,True,False
98_DKA_M8_B_Phase_Current_Phase_Average,True,True,True,True,True,True,True,True,True,True,True,True,True,True,True,True,True,True,False
98_DKA_M8_B_Phase_Active_Power,True,True,True,True,True,True,True,True,True,True,True,True,True,True,True,True,True,True,False
68_DKA_M8_C_Phase_Active_Energy_Delivered_Received,True,True,True,True,True,True,True,True,True,True,True,True,True,True,True,True,True,True,False
68_DKA_M8_C_Phase_Current_Phase_Average,True,True,True,True,True,True,True,True,True,True,True,True,True,True,True,True,True,True,False
68_DKA_M8_C_Phase_Active_Power,True,True,True,True,True,True,True,True,True,True,True,True,True,True,True,True,True,True,False
102_DKA_M9_3_Phase_Active_Energy_Delivered_Received,True,True,True,True,True,True,True,True,True,True,True,True,True,True,True,True,True,True,False
102_DKA_M9_3_Phase_Current_Phase_Average,True,True,True,True,True,True,True,True,True,True,True,True,True,True,True,True,True,True,False
102_DKA_M9_3_Phase_Active_Power,True,True,True,True,True,True,True,True,True,True,True,True,True,True,True,True,True,True,False
87_DKA_M9_A_C_Phases_Active_Energy_Delivered_Received,True,True,True,True,True,True,True,True,True,True,True,True,True,True,True,True,True,True,False
87_DKA_M9_A_C_Phases_Current_Phase_Average,True,True,True,True,True,True,True,True,True,True,True,True,True,True,True,True,True,True,False
87_DKA_M9_A_C_Phases_Active_Power,True,True,True,True,True,True,True,True,True,True,True,True,True,True,True,True,True,True,False
91_DKA_M9_B_Phase_Active_Energy_Delivered_Received,True,True,True,True,True,True,True,True,True,True,True,True,True,True,True,True,True,True,False
91_DKA_M9_B_Phase_Current_Phase_Average,True,True,True,True,True,True,True,True,True,True,True,True,True,True,True,True,True,True,False
91_DKA_M9_B_Phase_Active_Power,True,True,True,True,True,True,True,True,True,True,True,True,True,True,True,True,True,True,False
96_DKA_MasterMeter1_Active_Energy_Delivered_Received,True,True,True,True,True,True,True,True,True,True,True,True,True,True,True,True,True,True,False
96_DKA_MasterMeter1_Current_Phase_Average,True,True,True,True,True,True,True,True,True,True,True,True,True,True,True,True,True,True,False
96_DKA_MasterMeter1_Active_Power,True,True,True,True,True,True,True,True,True,True,True,True,True,True,True,True,True,True,False
96_DKA_MasterMeter1_Power_Factor_Signed,True,True,True,True,True,True,True,True,True,True,True,True,True,True,True,True,True,True,False
96_DKA_MasterMeter1_Average_Voltage_Line_to_Neutral,True,True,True,True,True,True,True,True,True,True,True,True,True,True,True,True,True,True,False
96_DKA_MasterMeter1_Frequency,True,True,True,True,True,True,True,True,True,True,True,True,True,True,True,True,True,True,False
96_DKA_MasterMeter1_THD_Voltage_Average,True,True,True,True,True,True,True,True,True,True,True,True,True,True,True,True,True,True,False
62_DKA_MasterMeter2_Active_Energy_Delivered_Received,True,True,True,True,True,True,True,True,True,True,True,True,True,True,True,True,True,True,False
62_DKA_MasterMeter2_Current_Phase_Average,True,True,True,True,True,True,True,True,True,True,True,True,True,True,True,True,True,True,False
62_DKA_MasterMeter2_Active_Power,True,True,True,True,True,True,True,True,True,True,True,True,True,True,True,True,True,True,False
62_DKA_MasterMeter2_Power_Factor_Signed,True,True,True,True,True,True,True,True,True,True,True,True,True,True,True,True,True,True,False
62_DKA_MasterMeter2_Average_Voltage_Line_to_Neutral,True,True,True,True,True,True,True,True,True,True,True,True,True,True,True,True,True,True,False
62_DKA_MasterMeter2_Frequency,True,True,True,True,True,True,True,True,True,True,True,True,True,True,True,True,True,True,False
62_DKA_MasterMeter2_THD_Voltage_Average,True,True,True,True,True,True,True,True,True,True,True,True,True,True,True,True,True,True,False
101_DKA_WeatherStation_Wind_Speed,True,True,True,True,True,True,True,True,True,True,True,True,True,True,True,True,True,True,False
101_DKA_WeatherStation_Weather_Temperature_Celsius,True,True,True,True,True,True,True,True,True,True,True,True,True,True,True,True,True,True,False
101_DKA_WeatherStation_Weather_Relative_Humidity,True,True,True,True,True,True,True,True,True,True,True,True,True,True,True,True,True,True,False
101_DKA_WeatherStation_Global_Horizontal_Radiation,True,True,True,True,True,True,True,True,True,True,True,True,True,True,True,True,True,True,False
101_DKA_WeatherStation_Diffuse_Horizontal_Radiation,True,True,True,True,True,True,True,True,True,True,True,True,True,True,True,True,True,True,False
101_DKA_WeatherStation_Wind_Direction,True,True,True,True,True,True,True,True,True,True,True,True,True,True,True,True,True,True,False
101_DKA_WeatherStation_Weather_Daily_Rainfall,True,True,True,True,True,True,True,True,True,True,True,True,True,True,True,True,True,True,False
101_DKA_WeatherStation_Radiation_Global_Tilted,True,True,True,True,True,True,True,True,True,True,True,True,True,True,True,True,True,True,False
101_DKA_WeatherStation_Radiation_Diffuse_Tilted,True,True,True,True,True,True,True,True,True,True,True,True,True,True,True,True,True,True,False
239_DKA_Totals_BESS_Reactive_Power,False,False,False,False,False,False,False,False,False,False,False,False,False,False,False,False,True,True,False
239_DKA_Totals_BESS_Active_Power,False,False,False,False,False,False,False,False,False,False,False,False,False,False,False,False,True,True,False
239_DKA_Totals_BESS_Apparent_Power,False,False,False,False,False,False,False,False,False,False,False,False,False,False,False,False,True,True,False
239_DKA_Totals_BESS_State_of_Charge,False,False,False,False,False,False,False,False,False,False,False,False,False,False,False,False,True,True,False
242_DKA_Totals_Grid_Reactive_Power,False,False,False,False,False,False,False,False,False,False,False,False,False,False,False,False,True,True,False
242_DKA_Totals_Grid_Active_Power,False,False,False,False,False,False,False,False,False,False,False,False,False,False,False,False,True,True,False
242_DKA_Totals_Grid_Apparent_Power,False,False,False,False,False,False,False,False,False,False,False,False,False,False,False,False,True,True,False
241_DKA_Totals_PV_Reactive_Power,False,False,False,False,False,False,False,False,False,False,False,False,False,False,False,False,True,True,False
241_DKA_Totals_PV_Active_Power,False,False,False,False,False,False,False,False,False,False,False,False,False,False,False,False,True,True,False
241_DKA_Totals_PV_Apparent_Power,False,False,False,False,False,False,False,False,False,False,False,False,False,False,False,False,True,True,False
240_DKA_Totals_Site_Demand_Reactive_Power,False,False,False,False,False,False,False,False,False,False,False,False,False,False,False,False,True,True,False
240_DKA_Totals_Site_Demand_Active_Power,False,False,False,False,False,False,False,False,False,False,False,False,False,False,False,False,True,True,False
240_DKA_Totals_Site_Demand_Apparent_Power,False,False,False,False,False,False,False,False,False,False,False,False,False,False,False,False,True,True,False
239_Reactive_Power,False,False,False,False,False,False,False,False,False,False,False,False,False,False,False,False,False,False,True
239_Active_Power,False,False,False,False,False,False,False,False,False,False,False,False,False,False,False,False,False,False,True
239_Apparent_Power,False,False,False,False,False,False,False,False,False,False,False,False,False,False,False,False,False,False,True
239_State_of_Charge,False,False,False,False,False,False,False,False,False,False,False,False,False,False,False,False,False,False,True
242_Reactive_Power,False,False,False,False,False,False,False,False,False,False,False,False,False,False,False,False,False,False,True
242_Active_Power,False,False,False,False,False,False,False,False,False,False,False,False,False,False,False,False,False,False,True
242_Apparent_Power,False,False,False,False,False,False,False,False,False,False,False,False,False,False,False,False,False,False,True
241_Reactive_Power,False,False,False,False,False,False,False,False,False,False,False,False,False,False,False,False,False,False,True
241_Active_Power,False,False,False,False,False,False,False,False,False,False,False,False,False,False,False,False,False,False,True
241_Apparent_Power,False,False,False,False,False,False,False,False,False,False,False,False,False,False,False,False,False,False,True
240_Reactive_Power,False,False,False,False,False,False,False,False,False,False,False,False,False,False,False,False,False,False,True
240_Active_Power,False,False,False,False,False,False,False,False,False,False,False,False,False,False,False,False,False,False,True
240_Apparent_Power,False,False,False,False,False,False,False,False,False,False,False,False,False,False,False,False,False,False,True
97_Active_Energy_Delivered_Received,False,False,False,False,False,False,False,False,False,False,False,False,False,False,False,False,False,False,True
97_Current_Phase_Average,False,False,False,False,False,False,False,False,False,False,False,False,False,False,False,False,False,False,True
97_Active_Power,False,False,False,False,False,False,False,False,False,False,False,False,False,False,False,False,False,False,True
78_Active_Energy_Delivered_Received,False,False,False,False,False,False,False,False,False,False,False,False,False,False,False,False,False,False,True
78_Current_Phase_Average,False,False,False,False,False,False,False,False,False,False,False,False,False,False,False,False,False,False,True
78_Active_Power,False,False,False,False,False,False,False,False,False,False,False,False,False,False,False,False,False,False,True
61_Active_Energy_Delivered_Received,False,False,False,False,False,False,False,False,False,False,False,False,False,False,False,False,False,False,True
61_Current_Phase_Average,False,False,False,False,False,False,False,False,False,False,False,False,False,False,False,False,False,False,True
61_Active_Power,False,False,False,False,False,False,False,False,False,False,False,False,False,False,False,False,False,False,True
61_Performance_Ratio,False,False,False,False,False,False,False,False,False,False,False,False,False,False,False,False,False,False,True
72_Active_Energy_Delivered_Received,False,False,False,False,False,False,False,False,False,False,False,False,False,False,False,False,False,False,True
72_Current_Phase_Average,False,False,False,False,False,False,False,False,False,False,False,False,False,False,False,False,False,False,True
72_Active_Power,False,False,False,False,False,False,False,False,False,False,False,False,False,False,False,False,False,False,True
72_Performance_Ratio,False,False,False,False,False,False,False,False,False,False,False,False,False,False,False,False,False,False,True
54_Active_Energy_Delivered_Received,False,False,False,False,False,False,False,False,False,False,False,False,False,False,False,False,False,False,True
54_Current_Phase_Average,False,False,False,False,False,False,False,False,False,False,False,False,False,False,False,False,False,False,True
54_Active_Power,False,False,False,False,False,False,False,False,False,False,False,False,False,False,False,False,False,False,True
54_Performance_Ratio,False,False,False,False,False,False,False,False,False,False,False,False,False,False,False,False,False,False,True
212_Active_Energy_Delivered_Received,False,False,False,False,False,False,False,False,False,False,False,False,False,False,False,False,False,False,True
212_Current_Phase_Average,False,False,False,False,False,False,False,False,False,False,False,False,False,False,False,False,False,False,True
212_Active_Power,False,False,False,False,False,False,False,False,False,False,False,False,False,False,False,False,False,False,True
212_Performance_Ratio,False,False,False,False,False,False,False,False,False,False,False,False,False,False,False,False,False,False,True
57_Active_Energy_Delivered_Received,False,False,False,False,False,False,False,False,False,False,False,False,False,False,False,False,False,False,True
57_Current_Phase_Average,False,False,False,False,False,False,False,False,False,False,False,False,False,False,False,False,False,False,True
57_Active_Power,False,False,False,False,False,False,False,False,False,False,False,False,False,False,False,False,False,False,True
57_Performance_Ratio,False,False,False,False,False,False,False,False,False,False,False,False,False,False,False,False,False,False,True
213_Active_Energy_Delivered_Received,False,False,False,False,False,False,False,False,False,False,False,False,False,False,False,False,False,False,True
213_Current_Phase_Average,False,False,False,False,False,False,False,False,False,False,False,False,False,False,False,False,False,False,True
213_Active_Power,False,False,False,False,False,False,False,False,False,False,False,False,False,False,False,False,False,False,True
213_Performance_Ratio,False,False,False,False,False,False,False,False,False,False,False,False,False,False,False,False,False,False,True
66_Active_Energy_Delivered_Received,False,False,False,False,False,False,False,False,False,False,False,False,False,False,False,False,False,False,True
66_Current_Phase_Average,False,False,False,False,False,False,False,False,False,False,False,False,False,False,False,False,False,False,True
66_Active_Power,False,False,False,False,False,False,False,False,False,False,False,False,False,False,False,False,False,False,True
66_Performance_Ratio,False,False,False,False,False,False,False,False,False,False,False,False,False,False,False,False,False,False,True
52_Active_Energy_Delivered_Received,False,False,False,False,False,False,False,False,False,False,False,False,False,False,False,False,False,False,True
52_Current_Phase_Average,False,False,False,False,False,False,False,False,False,False,False,False,False,False,False,False,False,False,True
52_Active_Power,False,False,False,False,False,False,False,False,False,False,False,False,False,False,False,False,False,False,True
52_Performance_Ratio,False,False,False,False,False,False,False,False,False,False,False,False,False,False,False,False,False,False,True
63_Active_Energy_Delivered_Received,False,False,False,False,False,False,False,False,False,False,False,False,False,False,False,False,False,False,True
63_Current_Phase_Average,False,False,False,False,False,False,False,False,False,False,False,False,False,False,False,False,False,False,True
63_Active_Power,False,False,False,False,False,False,False,False,False,False,False,False,False,False,False,False,False,False,True
63_Performance_Ratio,False,False,False,False,False,False,False,False,False,False,False,False,False,False,False,False,False,False,True
64_Active_Energy_Delivered_Received,False,False,False,False,False,False,False,False,False,False,False,False,False,False,False,False,False,False,True
64_Current_Phase_Average,False,False,False,False,False,False,False,False,False,False,False,False,False,False,False,False,False,False,True
64_Active_Power,False,False,False,False,False,False,False,False,False,False,False,False,False,False,False,False,False,False,True
64_Performance_Ratio,False,False,False,False,False,False,False,False,False,False,False,False,False,False,False,False,False,False,True
58_Active_Energy_Delivered_Received,False,False,False,False,False,False,False,False,False,False,False,False,False,False,False,False,False,False,True
58_Current_Phase_Average,False,False,False,False,False,False,False,False,False,False,False,False,False,False,False,False,False,False,True
58_Active_Power,False,False,False,False,False,False,False,False,False,False,False,False,False,False,False,False,False,False,True
58_Performance_Ratio,False,False,False,False,False,False,False,False,False,False,False,False,False,False,False,False,False,False,True
60_Active_Energy_Delivered_Received,False,False,False,False,False,False,False,False,False,False,False,False,False,False,False,False,False,False,True
60_Current_Phase_Average,False,False,False,False,False,False,False,False,False,False,False,False,False,False,False,False,False,False,True
60_Active_Power,False,False,False,False,False,False,False,False,False,False,False,False,False,False,False,False,False,False,True
60_Performance_Ratio,False,False,False,False,False,False,False,False,False,False,False,False,False,False,False,False,False,False,True
77_Active_Energy_Delivered_Received,False,False,False,False,False,False,False,False,False,False,False,False,False,False,False,False,False,False,True
77_Current_Phase_Average,False,False,False,False,False,False,False,False,False,False,False,False,False,False,False,False,False,False,True
77_Active_Power,False,False,False,False,False,False,False,False,False,False,False,False,False,False,False,False,False,False,True
77_Performance_Ratio,False,False,False,False,False,False,False,False,False,False,False,False,False,False,False,False,False,False,True
214_Active_Energy_Delivered_Received,False,False,False,False,False,False,False,False,False,False,False,False,False,False,False,False,False,False,True
214_Current_Phase_Average,False,False,False,False,False,False,False,False,False,False,False,False,False,False,False,False,False,False,True
214_Active_Power,False,False,False,False,False,False,False,False,False,False,False,False,False,False,False,False,False,False,True
214_Performance_Ratio,False,False,False,False,False,False,False,False,False,False,False,False,False,False,False,False,False,False,True
74_Active_Energy_Delivered_Received,False,False,False,False,False,False,False,False,False,False,False,False,False,False,False,False,False,False,True
74_Current_Phase_Average,False,False,False,False,False,False,False,False,False,False,False,False,False,False,False,False,False,False,True
74_Active_Power,False,False,False,False,False,False,False,False,False,False,False,False,False,False,False,False,False,False,True
74_Performance_Ratio,False,False,False,False,False,False,False,False,False,False,False,False,False,False,False,False,False,False,True
73_Active_Energy_Delivered_Received,False,False,False,False,False,False,False,False,False,False,False,False,False,False,False,False,False,False,True
73_Current_Phase_Average,False,False,False,False,False,False,False,False,False,False,False,False,False,False,False,False,False,False,True
73_Active_Power,False,False,False,False,False,False,False,False,False,False,False,False,False,False,False,False,False,False,True
73_Performance_Ratio,False,False,False,False,False,False,False,False,False,False,False,False,False,False,False,False,False,False,True
59_Active_Energy_Delivered_Received,False,False,False,False,False,False,False,False,False,False,False,False,False,False,False,False,False,False,True
59_Current_Phase_Average,False,False,False,False,False,False,False,False,False,False,False,False,False,False,False,False,False,False,True
59_Active_Power,False,False,False,False,False,False,False,False,False,False,False,False,False,False,False,False,False,False,True
59_Performance_Ratio,False,False,False,False,False,False,False,False,False,False,False,False,False,False,False,False,False,False,True
81_Active_Energy_Delivered_Received,False,False,False,False,False,False,False,False,False,False,False,False,False,False,False,False,False,False,True
81_Current_Phase_Average,False,False,False,False,False,False,False,False,False,False,False,False,False,False,False,False,False,False,True
81_Active_Power,False,False,False,False,False,False,False,False,False,False,False,False,False,False,False,False,False,False,True
86_Active_Energy_Delivered_Received,False,False,False,False,False,False,False,False,False,False,False,False,False,False,False,False,False,False,True
86_Current_Phase_Average,False,False,False,False,False,False,False,False,False,False,False,False,False,False,False,False,False,False,True
86_Active_Power,False,False,False,False,False,False,False,False,False,False,False,False,False,False,False,False,False,False,True
71_Active_Energy_Delivered_Received,False,False,False,False,False,False,False,False,False,False,False,False,False,False,False,False,False,False,True
71_Current_Phase_Average,False,False,False,False,False,False,False,False,False,False,False,False,False,False,False,False,False,False,True
71_Active_Power,False,False,False,False,False,False,False,False,False,False,False,False,False,False,False,False,False,False,True
71_Performance_Ratio,False,False,False,False,False,False,False,False,False,False,False,False,False,False,False,False,False,False,True
56_Active_Energy_Delivered_Received,False,False,False,False,False,False,False,False,False,False,False,False,False,False,False,False,False,False,True
56_Current_Phase_Average,False,False,False,False,False,False,False,False,False,False,False,False,False,False,False,False,False,False,True
56_Active_Power,False,False,False,False,False,False,False,False,False,False,False,False,False,False,False,False,False,False,True
56_Performance_Ratio,False,False,False,False,False,False,False,False,False,False,False,False,False,False,False,False,False,False,True
55_Active_Energy_Delivered_Received,False,False,False,False,False,False,False,False,False,False,False,False,False,False,False,False,False,False,True
55_Current_Phase_Average,False,False,False,False,False,False,False,False,False,False,False,False,False,False,False,False,False,False,True
55_Active_Power,False,False,False,False,False,False,False,False,False,False,False,False,False,False,False,False,False,False,True
55_Performance_Ratio,False,False,False,False,False,False,False,False,False,False,False,False,False,False,False,False,False,False,True
90_Active_Energy_Delivered_Received,False,False,False,False,False,False,False,False,False,False,False,False,False,False,False,False,False,False,True
90_Current_Phase_Average,False,False,False,False,False,False,False,False,False,False,False,False,False,False,False,False,False,False,True
90_Active_Power,False,False,False,False,False,False,False,False,False,False,False,False,False,False,False,False,False,False,True
90_Performance_Ratio,False,False,False,False,False,False,False,False,False,False,False,False,False,False,False,False,False,False,True
89_Active_Energy_Delivered_Received,False,False,False,False,False,False,False,False,False,False,False,False,False,False,False,False,False,False,True
89_Current_Phase_Average,False,False,False,False,False,False,False,False,False,False,False,False,False,False,False,False,False,False,True
89_Active_Power,False,False,False,False,False,False,False,False,False,False,False,False,False,False,False,False,False,False,True
95_Active_Energy_Delivered_Received,False,False,False,False,False,False,False,False,False,False,False,False,False,False,False,False,False,False,True
95_Current_Phase_Average,False,False,False,False,False,False,False,False,False,False,False,False,False,False,False,False,False,False,True
95_Active_Power,False,False,False,False,False,False,False,False,False,False,False,False,False,False,False,False,False,False,True
93_Active_Energy_Delivered_Received,False,False,False,False,False,False,False,False,False,False,False,False,False,False,False,False,False,False,True
93_Current_Phase_Average,False,False,False,False,False,False,False,False,False,False,False,False,False,False,False,False,False,False,True
93_Active_Power,False,False,False,False,False,False,False,False,False,False,False,False,False,False,False,False,False,False,True
93_Performance_Ratio,False,False,False,False,False,False,False,False,False,False,False,False,False,False,False,False,False,False,True
69_Active_Energy_Delivered_Received,False,False,False,False,False,False,False,False,False,False,False,False,False,False,False,False,False,False,True
69_Current_Phase_Average,False,False,False,False,False,False,False,False,False,False,False,False,False,False,False,False,False,False,True
69_Active_Power,False,False,False,False,False,False,False,False,False,False,False,False,False,False,False,False,False,False,True
69_Performance_Ratio,False,False,False,False,False,False,False,False,False,False,False,False,False,False,False,False,False,False,True
99_Active_Energy_Delivered_Received,False,False,False,False,False,False,False,False,False,False,False,False,False,False,False,False,False,False,True
99_Current_Phase_Average,False,False,False,False,False,False,False,False,False,False,False,False,False,False,False,False,False,False,True
99_Active_Power,False,False,False,False,False,False,False,False,False,False,False,False,False,False,False,False,False,False,True
99_Performance_Ratio,False,False,False,False,False,False,False,False,False,False,False,False,False,False,False,False,False,False,True
218_Active_Energy_Delivered_Received,False,False,False,False,False,False,False,False,False,False,False,False,False,False,False,False,False,False,True
218_Current_Phase_Average,False,False,False,False,False,False,False,False,False,False,False,False,False,False,False,False,False,False,True
218_Active_Power,False,False,False,False,False,False,False,False,False,False,False,False,False,False,False,False,False,False,True
218_Performance_Ratio,False,False,False,False,False,False,False,False,False,False,False,False,False,False,False,False,False,False,True
70_Active_Energy_Delivered_Received,False,False,False,False,False,False,False,False,False,False,False,False,False,False,False,False,False,False,True
70_Current_Phase_Average,False,False,False,False,False,False,False,False,False,False,False,False,False,False,False,False,False,False,True
70_Active_Power,False,False,False,False,False,False,False,False,False,False,False,False,False,False,False,False,False,False,True
70_Performance_Ratio,False,False,False,False,False,False,False,False,False,False,False,False,False,False,False,False,False,False,True
84_Active_Energy_Delivered_Received,False,False,False,False,False,False,False,False,False,False,False,False,False,False,False,False,False,False,True
84_Current_Phase_Average,False,False,False,False,False,False,False,False,False,False,False,False,False,False,False,False,False,False,True
84_Active_Power,False,False,False,False,False,False,False,False,False,False,False,False,False,False,False,False,False,False,True
84_Performance_Ratio,False,False,False,False,False,False,False,False,False,False,False,False,False,False,False,False,False,False,True
106_Active_Energy_Delivered_Received,False,False,False,False,False,False,False,False,False,False,False,False,False,False,False,False,False,False,True
106_Current_Phase_Average,False,False,False,False,False,False,False,False,False,False,False,False,False,False,False,False,False,False,True
106_Active_Power,False,False,False,False,False,False,False,False,False,False,False,False,False,False,False,False,False,False,True
106_Performance_Ratio,False,False,False,False,False,False,False,False,False,False,False,False,False,False,False,False,False,False,True
79_Active_Energy_Delivered_Received,False,False,False,False,False,False,False,False,False,False,False,False,False,False,False,False,False,False,True
79_Current_Phase_Average,False,False,False,False,False,False,False,False,False,False,False,False,False,False,False,False,False,False,True
79_Active_Power,False,False,False,False,False,False,False,False,False,False,False,False,False,False,False,False,False,False,True
79_Performance_Ratio,False,False,False,False,False,False,False,False,False,False,False,False,False,False,False,False,False,False,True
92_Active_Energy_Delivered_Received,False,False,False,False,False,False,False,False,False,False,False,False,False,False,False,False,False,False,True
92_Current_Phase_Average,False,False,False,False,False,False,False,False,False,False,False,False,False,False,False,False,False,False,True
92_Active_Power,False,False,False,False,False,False,False,False,False,False,False,False,False,False,False,False,False,False,True
92_Performance_Ratio,False,False,False,False,False,False,False,False,False,False,False,False,False,False,False,False,False,False,True
85_Active_Energy_Delivered_Received,False,False,False,False,False,False,False,False,False,False,False,False,False,False,False,False,False,False,True
85_Current_Phase_Average,False,False,False,False,False,False,False,False,False,False,False,False,False,False,False,False,False,False,True
85_Active_Power,False,False,False,False,False,False,False,False,False,False,False,False,False,False,False,False,False,False,True
85_Performance_Ratio,False,False,False,False,False,False,False,False,False,False,False,False,False,False,False,False,False,False,True
67_Active_Energy_Delivered_Received,False,False,False,False,False,False,False,False,False,False,False,False,False,False,False,False,False,False,True
67_Current_Phase_Average,False,False,False,False,False,False,False,False,False,False,False,False,False,False,False,False,False,False,True
67_Active_Power,False,False,False,False,False,False,False,False,False,False,False,False,False,False,False,False,False,False,True
98_Active_Energy_Delivered_Received,False,False,False,False,False,False,False,False,False,False,False,False,False,False,False,False,False,False,True
98_Current_Phase_Average,False,False,False,False,False,False,False,False,False,False,False,False,False,False,False,False,False,False,True
98_Active_Power,False,False,False,False,False,False,False,False,False,False,False,False,False,False,False,False,False,False,True
68_Active_Energy_Delivered_Received,False,False,False,False,False,False,False,False,False,False,False,False,False,False,False,False,False,False,True
68_Current_Phase_Average,False,False,False,False,False,False,False,False,False,False,False,False,False,False,False,False,False,False,True
68_Active_Power,False,False,False,False,False,False,False,False,False,False,False,False,False,False,False,False,False,False,True
102_Active_Energy_Delivered_Received,False,False,False,False,False,False,False,False,False,False,False,False,False,False,False,False,False,False,True
102_Current_Phase_Average,False,False,False,False,False,False,False,False,False,False,False,False,False,False,False,False,False,False,True
102_Active_Power,False,False,False,False,False,False,False,False,False,False,False,False,False,False,False,False,False,False,True
87_Active_Energy_Delivered_Received,False,False,False,False,False,False,False,False,False,False,False,False,False,False,False,False,False,False,True
87_Current_Phase_Average,False,False,False,False,False,False,False,False,False,False,False,False,False,False,False,False,False,False,True
87_Active_Power,False,False,False,False,False,False,False,False,False,False,False,False,False,False,False,False,False,False,True
91_Active_Energy_Delivered_Received,False,False,False,False,False,False,False,False,False,False,False,False,False,False,False,False,False,False,True
91_Current_Phase_Average,False,False,False,False,False,False,False,False,False,False,False,False,False,False,False,False,False,False,True
91_Active_Power,False,False,False,False,False,False,False,False,False,False,False,False,False,False,False,False,False,False,True
96_Active_Energy_Delivered_Received,False,False,False,False,False,False,False,False,False,False,False,False,False,False,False,False,False,False,True
96_Current_Phase_Average,False,False,False,False,False,False,False,False,False,False,False,False,False,False,False,False,False,False,True
96_Active_Power,False,False,False,False,False,False,False,False,False,False,False,False,False,False,False,False,False,False,True
96_Power_Factor_Signed,False,False,False,False,False,False,False,False,False,False,False,False,False,False,False,False,False,False,True
96_Average_Voltage_Line_to_Neutral,False,False,False,False,False,False,False,False,False,False,False,False,False,False,False,False,False,False,True
96_Frequency,False,False,False,False,False,False,False,False,False,False,False,False,False,False,False,False,False,False,True
96_THD_Voltage_Average,False,False,False,False,False,False,False,False,False,False,False,False,False,False,False,False,False,False,True
62_Active_Energy_Delivered_Received,False,False,False,False,False,False,False,False,False,False,False,False,False,False,False,False,False,False,True
62_Current_Phase_Average,False,False,False,False,False,False,False,False,False,False,False,False,False,False,False,False,False,False,True
62_Active_Power,False,False,False,False,False,False,False,False,False,False,False,False,False,False,False,False,False,False,True
62_Power_Factor_Signed,False,False,False,False,False,False,False,False,False,False,False,False,False,False,False,False,False,False,True
62_Average_Voltage_Line_to_Neutral,False,False,False,False,False,False,False,False,False,False,False,False,False,False,False,False,False,False,True
62_Frequency,False,False,False,False,False,False,False,False,False,False,False,False,False,False,False,False,False,False,True
62_THD_Voltage_Average,False,False,False,False,False,False,False,False,False,False,False,False,False,False,False,False,False,False,True
101_Wind_Speed,False,False,False,False,False,False,False,False,False,False,False,False,False,False,False,False,False,False,True
101_Weather_Temperature_Celsius,False,False,False,False,False,False,False,False,False,False,False,False,False,False,False,False,False,False,True
101_Weather_Relative_Humidity,False,False,False,False,False,False,False,False,False,False,False,False,False,False,False,False,False,False,True
101_Global_Horizontal_Radiation,False,False,False,False,False,False,False,False,False,False,False,False,False,False,False,False,False,False,True
101_Diffuse_Horizontal_Radiation,False,False,False,False,False,False,False,False,False,False,False,False,False,False,False,False,False,False,True
101_Wind_Direction,False,False,False,False,False,False,False,False,False,False,False,False,False,False,False,False,False,False,True
101_Weather_Daily_Rainfall,False,False,False,False,False,False,False,False,False,False,False,False,False,False,False,False,False,False,True
101_Radiation_Global_Tilted,False,False,False,False,False,False,False,False,False,False,False,False,False,False,False,False,False,False,True
101_Radiation_Diffuse_Tilted,False,False,False,False,False,False,False,False,False,False,False,False,False,False,False,False,False,False,True
